<?xml version="1.0" encoding="UTF-8" ?>
<OpenSimDocument Version="40000">
	<RRATool name="3DGaitModel2354-scaled">
		<!--Name of the .osim file used to construct a model.-->
		<model_file>adjusted_model.osim</model_file>
		<!--Replace the model's force set with sets specified in <force_set_files>? If false, the force set is appended to.-->
		<replace_force_set>true</replace_force_set>
		<!--List of xml files used to construct a force set for the model.-->
		<force_set_files> subj01_acl_RRA_Actuators-ie.xml</force_set_files>
		<!--Directory used for writing results.-->
		<results_directory>RRA</results_directory>
		<!--Output precision.  It is 8 by default.-->
		<output_precision>8</output_precision>
		<!--Initial time for the simulation.-->
		<initial_time>0.63</initial_time>
		<!--Final time for the simulation.-->
		<final_time>3</final_time>
		<!--Flag indicating whether or not to compute equilibrium values for states other than the coordinates or speeds.  For example, equilibrium muscle fiber lengths or muscle forces.-->
		<solve_for_equilibrium_for_auxiliary_states>false</solve_for_equilibrium_for_auxiliary_states>
		<!--Maximum number of integrator steps.-->
		<maximum_number_of_integrator_steps>20000</maximum_number_of_integrator_steps>
		<!--Maximum integration step size.-->
		<maximum_integrator_step_size>1</maximum_integrator_step_size>
		<!--Minimum integration step size.-->
		<minimum_integrator_step_size>1e-08</minimum_integrator_step_size>
		<!--Integrator error tolerance. When the error is greater, the integrator step size is decreased.-->
		<integrator_error_tolerance>1.0000000000000001e-05</integrator_error_tolerance>
		<!--Set of analyses to be run during the investigation.-->
		<AnalysisSet name="Analyses">
			<objects />
			<groups />
		</AnalysisSet>
		<!--Controller objects in the model.-->
		<ControllerSet name="Controllers">
			<objects />
			<groups />
		</ControllerSet>
		<!--XML file (.xml) containing the forces applied to the model as ExternalLoads.-->
		<external_loads_file>external_load.xml</external_loads_file>
		<!--Motion (.mot) or storage (.sto) file containing the desired point trajectories.-->
		<desired_points_file />
		<!--Motion (.mot) or storage (.sto) file containing the desired kinematic trajectories.-->
		<desired_kinematics_file>IK/IK_results.mot</desired_kinematics_file>
		<!--File containing the tracking tasks. Which coordinates are tracked and with what weights are specified here.-->
		<task_set_file>subj01_acl_RRA_Tasks-ie.xml</task_set_file>
		<!--DEPRECATED File containing the constraints on the controls.-->
		<constraints_file />
		<!--Low-pass cut-off frequency for filtering the desired kinematics. A negative value results in no filtering. The default value is -1.0, so no filtering.-->
		<lowpass_cutoff_frequency>6</lowpass_cutoff_frequency>
		<!--Preferred optimizer algorithm (currently support "ipopt" or "cfsqp", the latter requiring the osimCFSQP library.-->
		<optimizer_algorithm>ipopt</optimizer_algorithm>
		<!--Step size used by the optimizer to compute numerical derivatives. A value between 1.0e-4 and 1.0e-8 is usually appropriate.-->
		<numerical_derivative_step_size>0.0001</numerical_derivative_step_size>
		<!--Convergence criterion for the optimizer. The smaller this value, the deeper the convergence. Decreasing this number can improve a solution, but will also likely increase computation time.-->
		<optimization_convergence_tolerance>1.0000000000000001e-05</optimization_convergence_tolerance>
		<!--Flag (true or false) indicating whether or not to make an adjustment in the center of mass of a body to reduced DC offsets in MX and MZ. If true, a new model is written out that has altered anthropometry.-->
		<adjust_com_to_reduce_residuals>true</adjust_com_to_reduce_residuals>
		<!--Initial time used when computing average residuals in order to adjust the body's center of mass.  If both initial and final time are set to -1 (their default value) then the main initial and final time settings will be used.-->
		<initial_time_for_com_adjustment>-1</initial_time_for_com_adjustment>
		<!--Final time used when computing average residuals in order to adjust the body's center of mass.-->
		<final_time_for_com_adjustment>-1</final_time_for_com_adjustment>
		<!--Name of the body whose center of mass is adjusted. The heaviest segment in the model should normally be chosen. For a gait model, the torso segment is usually the best choice.-->
		<adjusted_com_body>pelvis</adjusted_com_body>
		<!--Name of the output model file (.osim) containing adjustments to anthropometry made to reduce average residuals. This file is written if the property adjust_com_to_reduce_residuals is set to true. If a name is not specified, the model is written out to a file called adjusted_model.osim.-->
		<output_model_file>adjusted_model.osim</output_model_file>
		<!--True-false flag indicating whether or not to turn on verbose printing for cmc.-->
		<use_verbose_printing>false</use_verbose_printing>
	</RRATool>
</OpenSimDocument>
