<?xml version="1.0" encoding="UTF-8"?>
<ActuatorSet name="gait2354_RRA">

	<defaults>

		<Force name="default">
			<max_force> 1000000.0000 </max_force>
			<min_force> -1000000.0000 </min_force>
			<optimal_force> 25000.000000000000 </optimal_force>
			<body_A> </body_A>
			<point_A> 0.0000 0.0000 0.0000 </point_A>
			<direction_A> 1.0000 0.0000 0.0000 </direction_A>
			<body_B> </body_B>
			<point_B> 0.0000 0.0000 0.0000 </point_B>
		</Force>

		<Torque name="default">
			<max_force> 20000.0000 </max_force>
			<min_force> -20000.0000 </min_force>
			<optimal_force> 6000.000000000000 </optimal_force>
			<body_A> </body_A>
			<direction_A> 1.0000 0.0000 0.0000 </direction_A>
			<body_B> </body_B>
		</Torque>

		<GeneralizedForce name="default">
			<max_force> 20000.0000 </max_force>
			<min_force> -20000.0000 </min_force>
			<optimal_force> 750.000000000000 </optimal_force>
			<coordinate> </coordinate>
		</GeneralizedForce>

	</defaults>

	<objects>

		<!-- Residuals -->

		<Force name="FX">
			<optimal_force> 5.0 </optimal_force>
			<body_A> ground </body_A>
			<point_A> 0.0000 0.0000 0.0000 </point_A>
			<direction_A> -1.0000 0.0000 0.0000 </direction_A>
			<body_B> pelvis </body_B>
			<point_B> -0.0780 0.000 0.000  </point_B>
		</Force>

		<Force name="FY">
			<optimal_force> 5.0 </optimal_force>
			<body_A> ground </body_A>
			<point_A> 0.0000 0.0000 0.0000 </point_A>
			<direction_A> 0.0000 -1.0000 0.0000 </direction_A>
			<body_B> pelvis </body_B>
			<point_B>  -0.0780 0.000 0.000 </point_B>
		</Force>

		<Force name="FZ">
			<optimal_force> 5.0 </optimal_force>
			<body_A> ground </body_A>
			<point_A> 0.0000 0.0000 0.0000 </point_A>
			<direction_A> 0.0000 0.0000 -1.0000 </direction_A>
			<body_B> pelvis </body_B>
			<point_B>  -0.0780 0.000 0.000  </point_B>
		</Force>

		<Torque name="MX">
			<optimal_force> 400.0 </optimal_force>
			<body_A> ground </body_A>
			<direction_A> -1.0000 0.0000 0.0000 </direction_A>
			<body_B> pelvis </body_B>
		</Torque>

		<Torque name="MY">
			<optimal_force>500.0 </optimal_force>
			<body_A> ground </body_A>
			<direction_A> 0.0000 -1.0000 0.0000 </direction_A>
			<body_B> pelvis </body_B>
		</Torque>

		<Torque name="MZ">
			<optimal_force> 200.0 </optimal_force>
			<body_A> ground </body_A>
			<direction_A> 0.0000 0.0000 -1.0000 </direction_A>
			<body_B> pelvis </body_B>
		</Torque>


		<!-- Right Leg -->

		<GeneralizedForce name="hip_flexion_r">
			<coordinate> hip_flexion_r </coordinate>
			<optimal_force> 2000.0 </optimal_force>
		</GeneralizedForce>

		<GeneralizedForce name="hip_adduction_r">
			<coordinate> hip_adduction_r </coordinate>
			<optimal_force> 1000.0 </optimal_force>
		</GeneralizedForce>

		<GeneralizedForce name="hip_rotation_r">
			<coordinate> hip_rotation_r </coordinate>
			<optimal_force> 1000.0 </optimal_force>
		</GeneralizedForce>

		<GeneralizedForce name="knee_angle_r">
			<coordinate> knee_angle_r </coordinate>
			<optimal_force> 3000.0 </optimal_force>
		</GeneralizedForce>
		
		<GeneralizedForce name="knee_rotation_r">
			<coordinate> knee_rotation_r </coordinate>
			<optimal_force> 2000.0 </optimal_force>
		</GeneralizedForce>
		
		<GeneralizedForce name="knee_adduction_r">
			<coordinate> knee_adduction_r </coordinate>
			<optimal_force> 1000.0 </optimal_force>
		</GeneralizedForce>
		
		<GeneralizedForce name="ankle_angle_r">
			<coordinate> ankle_angle_r </coordinate>
			<optimal_force> 1000.0 </optimal_force>
		</GeneralizedForce>

		<GeneralizedForce name="subtalar_angle_r">
			<coordinate> subtalar_angle_r </coordinate>
			<optimal_force> 1000.0 </optimal_force>
		</GeneralizedForce>

		<GeneralizedForce name="mtp_angle_r">
			<coordinate> mtp_angle_r </coordinate>
			<optimal_force> 100.0 </optimal_force>
		</GeneralizedForce>


		<!-- Left Leg -->

		<GeneralizedForce name="hip_flexion_l">
			<coordinate> hip_flexion_l </coordinate>
			<optimal_force> 2000.0 </optimal_force>
		</GeneralizedForce>

		<GeneralizedForce name="hip_adduction_l">
			<coordinate> hip_adduction_l </coordinate>
			<optimal_force> 1000.0 </optimal_force>
		</GeneralizedForce>

		<GeneralizedForce name="hip_rotation_l">
			<coordinate> hip_rotation_l </coordinate>
			<optimal_force> 1000.0 </optimal_force>
		</GeneralizedForce>

		<GeneralizedForce name="knee_angle_l">
			<coordinate> knee_angle_l </coordinate>
			<optimal_force> 3000.0 </optimal_force>
		</GeneralizedForce>
		
		<GeneralizedForce name="knee_rotation_l">
			<coordinate> knee_rotation_l </coordinate>
			<optimal_force> 2000.0 </optimal_force>
		</GeneralizedForce>
		
		<GeneralizedForce name="knee_adduction_l">
			<coordinate> knee_adduction_l </coordinate>
			<optimal_force> 1000.0 </optimal_force>
		</GeneralizedForce>

		<GeneralizedForce name="ankle_angle_l">
			<coordinate> ankle_angle_l </coordinate>
			<optimal_force> 1000.0 </optimal_force>
		</GeneralizedForce>

		<GeneralizedForce name="subtalar_angle_l">
			<coordinate> subtalar_angle_l </coordinate>
			<optimal_force>1000.0 </optimal_force>
		</GeneralizedForce>

		<GeneralizedForce name="mtp_angle_l">
			<coordinate> mtp_angle_l </coordinate>
			<optimal_force> 100.0 </optimal_force>
		</GeneralizedForce>



	</objects>

</ActuatorSet>

